{
  "main": {
    "id": "c0b288ba3b1ad347",
    "type": "split",
    "children": [
      {
        "id": "d9ec1fc4cca1e723",
        "type": "tabs",
        "children": [
          {
            "id": "8e7b22550e19ef87",
            "type": "leaf",
            "state": {
              "type": "markdown",
              "state": {
                "file": "APT-GonePhishing.md",
                "mode": "source",
                "source": false
              },
              "icon": "lucide-file",
              "title": "APT-GonePhishing"
            }
          },
          {
            "id": "26c3adb5da00e237",
            "type": "leaf",
            "state": {
              "type": "markdown",
              "state": {
                "file": "APT-LivingOffTheLOLz.md",
                "mode": "source",
                "source": false
              },
              "icon": "lucide-file",
              "title": "APT-LivingOffTheLOLz"
            }
          },
          {
            "id": "d4379ecb3d71122a",
            "type": "leaf",
            "state": {
              "type": "graph",
              "state": {},
              "icon": "lucide-git-fork",
              "title": "Graph view"
            }
          },
          {
            "id": "7eee8cc38cff0b6d",
            "type": "leaf",
            "state": {
              "type": "markdown",
              "state": {
                "file": "Articles/Behind the Curtain - How APT‑CtrlAltDeceit Uses Cyber Tricks to Shape What We Believe.md",
                "mode": "source",
                "source": false
              },
              "icon": "lucide-file",
              "title": "Behind the Curtain - How APT‑CtrlAltDeceit Uses Cyber Tricks to Shape What We Believe"
            }
          },
          {
            "id": "705d6478bcd83880",
            "type": "leaf",
            "state": {
              "type": "graph",
              "state": {},
              "icon": "lucide-git-fork",
              "title": "Graph view"
            }
          },
          {
            "id": "5ff6d62259fd366d",
            "type": "leaf",
            "state": {
              "type": "markdown",
              "state": {
                "file": "Articles/APT‑GonePhishing - When Phishing Evolves into Strategic Infiltration.md",
                "mode": "source",
                "source": false
              },
              "icon": "lucide-file",
              "title": "APT‑GonePhishing - When Phishing Evolves into Strategic Infiltration"
            }
          },
          {
            "id": "be202a1377e95318",
            "type": "leaf",
            "state": {
              "type": "markdown",
              "state": {
                "file": "Articles/APT‑GonePhishing Is Coming for Your Inbox—and They're Really Good at It.md",
                "mode": "source",
                "source": false
              },
              "icon": "lucide-file",
              "title": "APT‑GonePhishing Is Coming for Your Inbox—and They're Really Good at It"
            }
          },
          {
            "id": "86b75bb6f84c7633",
            "type": "leaf",
            "state": {
              "type": "markdown",
              "state": {
                "file": "Articles/Phishing with Precision - An Inside Look at APT‑GonePhishing's Infiltration Playbook.md",
                "mode": "source",
                "source": false
              },
              "icon": "lucide-file",
              "title": "Phishing with Precision - An Inside Look at APT‑GonePhishing's Infiltration Playbook"
            }
          },
          {
            "id": "597696e72adefe27",
            "type": "leaf",
            "state": {
              "type": "markdown",
              "state": {
                "file": "APT-GonePhishing.md",
                "mode": "source",
                "source": false
              },
              "icon": "lucide-file",
              "title": "APT-GonePhishing"
            }
          },
          {
            "id": "c5644b5323f558f2",
            "type": "leaf",
            "state": {
              "type": "markdown",
              "state": {
                "file": "Articles/APT‑LivingOffTheLOLz Is Hiding in Plain Sight—and Using Your Tools Against You.md",
                "mode": "source",
                "source": false
              },
              "icon": "lucide-file",
              "title": "APT‑LivingOffTheLOLz Is Hiding in Plain Sight—and Using Your Tools Against You"
            }
          },
          {
            "id": "5b954ec293e59ede",
            "type": "leaf",
            "state": {
              "type": "markdown",
              "state": {
                "file": "Articles/The Threat That Doesn’t Drop Malware - Unpacking APT‑LivingOffTheLOLz’s Fileless Intrusions.md",
                "mode": "source",
                "source": false
              },
              "icon": "lucide-file",
              "title": "The Threat That Doesn’t Drop Malware - Unpacking APT‑LivingOffTheLOLz’s Fileless Intrusions"
            }
          },
          {
            "id": "9892bc3347706726",
            "type": "leaf",
            "state": {
              "type": "markdown",
              "state": {
                "file": "APT-PasteTense.md",
                "mode": "source",
                "source": false
              },
              "icon": "lucide-file",
              "title": "APT-PasteTense"
            }
          },
          {
            "id": "54d374c337bf5da0",
            "type": "leaf",
            "state": {
              "type": "markdown",
              "state": {
                "file": "APT-BitByBit.md",
                "mode": "source",
                "source": false
              },
              "icon": "lucide-file",
              "title": "APT-BitByBit"
            }
          },
          {
            "id": "472ef9930e2e5944",
            "type": "leaf",
            "state": {
              "type": "markdown",
              "state": {
                "file": "APT-PasteTense.md",
                "mode": "source",
                "source": false
              },
              "icon": "lucide-file",
              "title": "APT-PasteTense"
            }
          },
          {
            "id": "7bb4a3a73e65a9e9",
            "type": "leaf",
            "state": {
              "type": "graph",
              "state": {},
              "icon": "lucide-git-fork",
              "title": "Graph view"
            }
          },
          {
            "id": "469eb33fc85da273",
            "type": "leaf",
            "state": {
              "type": "markdown",
              "state": {
                "file": "Articles/APT‑NoPatchForThat Doesn’t Phish You—They Hack What You Forgot.md",
                "mode": "source",
                "source": false
              },
              "icon": "lucide-file",
              "title": "APT‑NoPatchForThat Doesn’t Phish You—They Hack What You Forgot"
            }
          },
          {
            "id": "f25446127440c92d",
            "type": "leaf",
            "state": {
              "type": "markdown",
              "state": {
                "file": "APT-BitByBit.md",
                "mode": "source",
                "source": false
              },
              "icon": "lucide-file",
              "title": "APT-BitByBit"
            }
          },
          {
            "id": "0716edca8a397280",
            "type": "leaf",
            "state": {
              "type": "markdown",
              "state": {
                "file": "Articles/APT‑BitByBit - Precision Espionage in the Age of Granular Exfiltration.md",
                "mode": "source",
                "source": false
              },
              "icon": "lucide-file",
              "title": "APT‑BitByBit - Precision Espionage in the Age of Granular Exfiltration"
            }
          },
          {
            "id": "fedbdd2958fd7be8",
            "type": "leaf",
            "state": {
              "type": "markdown",
              "state": {
                "file": "Articles/APT‑BitByBit - The Hackers Who Steal Data One Tiny Piece at a Time.md",
                "mode": "source",
                "source": false
              },
              "icon": "lucide-file",
              "title": "APT‑BitByBit - The Hackers Who Steal Data One Tiny Piece at a Time"
            }
          },
          {
            "id": "97e6c867ac207751",
            "type": "leaf",
            "state": {
              "type": "markdown",
              "state": {
                "file": "Articles/APT‑BitByBit - The Silent Thieves Redefining Industrial Espionage at the Byte Level.md",
                "mode": "source",
                "source": false
              },
              "icon": "lucide-file",
              "title": "APT‑BitByBit - The Silent Thieves Redefining Industrial Espionage at the Byte Level"
            }
          },
          {
            "id": "91502f8f655ad429",
            "type": "leaf",
            "state": {
              "type": "markdown",
              "state": {
                "file": "Articles/APT‑PasteTense - Ghost Infrastructure and the Age of Disappearing Payloads.md",
                "mode": "source",
                "source": false
              },
              "icon": "lucide-file",
              "title": "APT‑PasteTense - Ghost Infrastructure and the Age of Disappearing Payloads"
            }
          },
          {
            "id": "eba1908c61d16de1",
            "type": "leaf",
            "state": {
              "type": "markdown",
              "state": {
                "file": "Articles/APT‑PasteTense Uses Pastebin and GitHub to Hack Without Leaving a Trace.md",
                "mode": "source",
                "source": false
              },
              "icon": "lucide-file",
              "title": "APT‑PasteTense Uses Pastebin and GitHub to Hack Without Leaving a Trace"
            }
          },
          {
            "id": "2a849e4f170aea2a",
            "type": "leaf",
            "state": {
              "type": "markdown",
              "state": {
                "file": "Articles/APT‑BitByBit - Precision Espionage in the Age of Granular Exfiltration.md",
                "mode": "source",
                "source": false
              },
              "icon": "lucide-file",
              "title": "APT‑BitByBit - Precision Espionage in the Age of Granular Exfiltration"
            }
          }
        ],
        "currentTab": 22
      }
    ],
    "direction": "vertical"
  },
  "left": {
    "id": "822fc331b40a92c3",
    "type": "split",
    "children": [
      {
        "id": "5af345e5f5a5f9ac",
        "type": "tabs",
        "children": [
          {
            "id": "1117c5191a6526d2",
            "type": "leaf",
            "state": {
              "type": "file-explorer",
              "state": {
                "sortOrder": "alphabetical",
                "autoReveal": false
              },
              "icon": "lucide-folder-closed",
              "title": "Files"
            }
          },
          {
            "id": "d334b92fd0d1de13",
            "type": "leaf",
            "state": {
              "type": "search",
              "state": {
                "query": "",
                "matchingCase": false,
                "explainSearch": false,
                "collapseAll": false,
                "extraContext": false,
                "sortOrder": "alphabetical"
              },
              "icon": "lucide-search",
              "title": "Search"
            }
          },
          {
            "id": "d1a4294fbf05e943",
            "type": "leaf",
            "state": {
              "type": "bookmarks",
              "state": {},
              "icon": "lucide-bookmark",
              "title": "Bookmarks"
            }
          }
        ]
      }
    ],
    "direction": "horizontal",
    "width": 300
  },
  "right": {
    "id": "cd79db7d320188c4",
    "type": "split",
    "children": [
      {
        "id": "e63409c7b55f357d",
        "type": "tabs",
        "children": [
          {
            "id": "25eee54b4e223d0f",
            "type": "leaf",
            "state": {
              "type": "backlink",
              "state": {
                "file": "Articles/APT‑BitByBit - Precision Espionage in the Age of Granular Exfiltration.md",
                "collapseAll": false,
                "extraContext": false,
                "sortOrder": "alphabetical",
                "showSearch": false,
                "searchQuery": "",
                "backlinkCollapsed": false,
                "unlinkedCollapsed": true
              },
              "icon": "links-coming-in",
              "title": "Backlinks for APT‑BitByBit - Precision Espionage in the Age of Granular Exfiltration"
            }
          },
          {
            "id": "e523df96a1bd7f09",
            "type": "leaf",
            "state": {
              "type": "outgoing-link",
              "state": {
                "file": "Articles/APT‑BitByBit - Precision Espionage in the Age of Granular Exfiltration.md",
                "linksCollapsed": false,
                "unlinkedCollapsed": true
              },
              "icon": "links-going-out",
              "title": "Outgoing links from APT‑BitByBit - Precision Espionage in the Age of Granular Exfiltration"
            }
          },
          {
            "id": "4d2ba7eac883ec6d",
            "type": "leaf",
            "state": {
              "type": "tag",
              "state": {
                "sortOrder": "frequency",
                "useHierarchy": true,
                "showSearch": false,
                "searchQuery": ""
              },
              "icon": "lucide-tags",
              "title": "Tags"
            }
          },
          {
            "id": "0339d028d09742d4",
            "type": "leaf",
            "state": {
              "type": "outline",
              "state": {
                "file": "Articles/APT‑BitByBit - Precision Espionage in the Age of Granular Exfiltration.md",
                "followCursor": false,
                "showSearch": false,
                "searchQuery": ""
              },
              "icon": "lucide-list",
              "title": "Outline of APT‑BitByBit - Precision Espionage in the Age of Granular Exfiltration"
            }
          }
        ]
      }
    ],
    "direction": "horizontal",
    "width": 300,
    "collapsed": true
  },
  "left-ribbon": {
    "hiddenItems": {
      "switcher:Open quick switcher": false,
      "graph:Open graph view": false,
      "canvas:Create new canvas": false,
      "daily-notes:Open today's daily note": false,
      "templates:Insert template": false,
      "command-palette:Open command palette": false
    }
  },
  "active": "2a849e4f170aea2a",
  "lastOpenFiles": [
    "Articles/APT‑BitByBit - Precision Espionage in the Age of Granular Exfiltration.md",
    "Articles/Ghosts in the Paste - APT‑PasteTense’s Vanishing Footprint and the Future of Public-Infrastructure Espionage.md",
    "Articles/APT‑PasteTense Uses Pastebin and GitHub to Hack Without Leaving a Trace.md",
    "Articles/APT‑PasteTense - Ghost Infrastructure and the Age of Disappearing Payloads.md",
    "Articles/APT‑BitByBit - The Silent Thieves Redefining Industrial Espionage at the Byte Level.md",
    "Articles/APT‑BitByBit - The Hackers Who Steal Data One Tiny Piece at a Time.md",
    "APT-BitByBit.md",
    "Articles/Zero-Days and EOL Systems - Inside APT‑NoPatchForThat’s Exploit-Driven Espionage Campaigns.md",
    "Articles/APT‑NoPatchForThat Doesn’t Phish You—They Hack What You Forgot.md",
    "Articles/APT‑NoPatchForThat - The Architects of Exploit-Centric Cyber Persistence.md",
    "APT-PasteTense.md",
    "APT‑CtrlAltDeceit.md",
    "APT-NoPatchForThat.md",
    "APT-LivingOffTheLOLz.md",
    "APT-GonePhishing.md",
    "Articles/The Threat That Doesn’t Drop Malware - Unpacking APT‑LivingOffTheLOLz’s Fileless Intrusions.md",
    "Articles/APT‑LivingOffTheLOLz Is Hiding in Plain Sight—and Using Your Tools Against You.md",
    "Articles/APT‑LivingOffTheLOLz The Art of Invisible Persistence in Modern Cyberespionage.md",
    "Articles/Phishing with Precision - An Inside Look at APT‑GonePhishing's Infiltration Playbook.md",
    "Articles/APT‑GonePhishing Is Coming for Your Inbox—and They're Really Good at It.md",
    "Articles/APT‑GonePhishing - When Phishing Evolves into Strategic Infiltration.md",
    "Articles/Inside APT‑CtrlAltDeceit - Interviews with Experts Shed Light on a High‑Stakes Psychological Hack.md",
    "Articles/Behind the Curtain - How APT‑CtrlAltDeceit Uses Cyber Tricks to Shape What We Believe.md",
    "Articles/Strategic Deception - APT‑CtrlAltDeceit and the Emergence of Influence-First Cyber Threats.md",
    "APT-CtrlAltDeceit.md",
    "Threat Actors/APT-CtrlAltDeceit.md",
    "Articles",
    "Threat Actors"
  ]
}