{
  "main": {
    "id": "5048617111b23dce",
    "type": "split",
    "children": [
      {
        "id": "8bb0af63046c69ca",
        "type": "tabs",
        "children": [
          {
            "id": "ccf88225b44f9e49",
            "type": "leaf",
            "state": {
              "type": "markdown",
              "state": {
                "file": "Collection Sources/HUMINT/SektorCERT.md",
                "mode": "source",
                "source": false
              },
              "icon": "lucide-file",
              "title": "SektorCERT"
            }
          },
          {
            "id": "237b3c7c30c8c1c3",
            "type": "leaf",
            "state": {
              "type": "markdown",
              "state": {
                "file": "Collection Sources/Technical/Ransomware Tracker.md",
                "mode": "source",
                "source": false
              },
              "icon": "lucide-file",
              "title": "Ransomware Tracker"
            }
          },
          {
            "id": "7c245e98b4402fe8",
            "type": "leaf",
            "state": {
              "type": "graph",
              "state": {},
              "icon": "lucide-git-fork",
              "title": "Graph view"
            }
          },
          {
            "id": "c4a7c47b9dddbfe8",
            "type": "leaf",
            "state": {
              "type": "markdown",
              "state": {
                "file": "Collection Sources/Technical/HoneyPot.md",
                "mode": "source",
                "source": false
              },
              "icon": "lucide-file",
              "title": "HoneyPot"
            }
          },
          {
            "id": "083d0cc82e46d72d",
            "type": "leaf",
            "state": {
              "type": "markdown",
              "state": {
                "file": "Collection Sources/OSINT/Mandiant.md",
                "mode": "source",
                "source": false
              },
              "icon": "lucide-file",
              "title": "Mandiant"
            }
          },
          {
            "id": "c83fb67669231e2e",
            "type": "leaf",
            "state": {
              "type": "markdown",
              "state": {
                "file": "Collection Sources/OSINT/Verizon DBIR.md",
                "mode": "source",
                "source": false
              },
              "icon": "lucide-file",
              "title": "Verizon DBIR"
            }
          },
          {
            "id": "0f0d0b9124ab9fcc",
            "type": "leaf",
            "state": {
              "type": "markdown",
              "state": {
                "file": "Collection Sources/HUMINT/NFCERT.md",
                "mode": "source",
                "source": false
              },
              "icon": "lucide-file",
              "title": "NFCERT"
            }
          },
          {
            "id": "905a47df83983bd4",
            "type": "leaf",
            "state": {
              "type": "markdown",
              "state": {
                "file": "Collection Sources/OSINT/Mandiant.md",
                "mode": "source",
                "source": false
              },
              "icon": "lucide-file",
              "title": "Mandiant"
            }
          },
          {
            "id": "429cf5dfb767d6dd",
            "type": "leaf",
            "state": {
              "type": "markdown",
              "state": {
                "file": "Types of CTI/Operational.md",
                "mode": "source",
                "source": false
              },
              "icon": "lucide-file",
              "title": "Operational"
            }
          },
          {
            "id": "e66c62fc40ede4c5",
            "type": "leaf",
            "state": {
              "type": "markdown",
              "state": {
                "file": "Collection Sources/HUMINT/CERT.EU.md",
                "mode": "source",
                "source": false
              },
              "icon": "lucide-file",
              "title": "CERT.EU"
            }
          },
          {
            "id": "fb35dbac5a44c596",
            "type": "leaf",
            "state": {
              "type": "markdown",
              "state": {
                "file": "Collection Sources/HUMINT/ENISA.md",
                "mode": "source",
                "source": false
              },
              "icon": "lucide-file",
              "title": "ENISA"
            }
          },
          {
            "id": "238734360c4d9925",
            "type": "leaf",
            "state": {
              "type": "markdown",
              "state": {
                "file": "Collection Sources/Technical/Ransomware Tracker.md",
                "mode": "source",
                "source": false
              },
              "icon": "lucide-file",
              "title": "Ransomware Tracker"
            }
          },
          {
            "id": "76ee933ce0bd8383",
            "type": "leaf",
            "state": {
              "type": "graph",
              "state": {},
              "icon": "lucide-git-fork",
              "title": "Graph view"
            }
          }
        ],
        "currentTab": 12
      },
      {
        "id": "ab8a7003ae2364a9",
        "type": "tabs",
        "children": [
          {
            "id": "c9336cd0c6ddfc85",
            "type": "leaf",
            "state": {
              "type": "graph",
              "state": {},
              "icon": "lucide-git-fork",
              "title": "Graph view"
            }
          },
          {
            "id": "c9310b76899f1150",
            "type": "leaf",
            "state": {
              "type": "markdown",
              "state": {
                "file": "Collection Sources/HUMINT/CFCS.md",
                "mode": "source",
                "source": false
              },
              "icon": "lucide-file",
              "title": "CFCS"
            }
          },
          {
            "id": "736f71a497691982",
            "type": "leaf",
            "state": {
              "type": "markdown",
              "state": {
                "file": "Collection Sources/HUMINT/SektorCERT.md",
                "mode": "source",
                "source": false
              },
              "icon": "lucide-file",
              "title": "SektorCERT"
            }
          }
        ],
        "currentTab": 2
      }
    ],
    "direction": "vertical"
  },
  "left": {
    "id": "0772d5fa712aff6d",
    "type": "split",
    "children": [
      {
        "id": "7763e3f232b67533",
        "type": "tabs",
        "children": [
          {
            "id": "7bb9a3681afa79d8",
            "type": "leaf",
            "state": {
              "type": "file-explorer",
              "state": {
                "sortOrder": "alphabetical",
                "autoReveal": false
              },
              "icon": "lucide-folder-closed",
              "title": "Files"
            }
          },
          {
            "id": "9a5360e0f0c7d1e6",
            "type": "leaf",
            "state": {
              "type": "search",
              "state": {
                "query": "",
                "matchingCase": false,
                "explainSearch": false,
                "collapseAll": false,
                "extraContext": false,
                "sortOrder": "alphabetical"
              },
              "icon": "lucide-search",
              "title": "Search"
            }
          },
          {
            "id": "0736c28924934767",
            "type": "leaf",
            "state": {
              "type": "bookmarks",
              "state": {},
              "icon": "lucide-bookmark",
              "title": "Bookmarks"
            }
          }
        ]
      }
    ],
    "direction": "horizontal",
    "width": 300
  },
  "right": {
    "id": "f8bb6648d7c90a3f",
    "type": "split",
    "children": [
      {
        "id": "01874979f73de794",
        "type": "tabs",
        "children": [
          {
            "id": "e96dc8a61c3c641c",
            "type": "leaf",
            "state": {
              "type": "backlink",
              "state": {
                "collapseAll": false,
                "extraContext": false,
                "sortOrder": "alphabetical",
                "showSearch": false,
                "searchQuery": "",
                "backlinkCollapsed": false,
                "unlinkedCollapsed": true
              },
              "icon": "links-coming-in",
              "title": "Backlinks"
            }
          },
          {
            "id": "af3e7e93d3979bcf",
            "type": "leaf",
            "state": {
              "type": "outgoing-link",
              "state": {
                "linksCollapsed": false,
                "unlinkedCollapsed": true
              },
              "icon": "links-going-out",
              "title": "Outgoing links"
            }
          },
          {
            "id": "8f619cad48eff479",
            "type": "leaf",
            "state": {
              "type": "tag",
              "state": {
                "sortOrder": "frequency",
                "useHierarchy": true,
                "showSearch": false,
                "searchQuery": ""
              },
              "icon": "lucide-tags",
              "title": "Tags"
            }
          },
          {
            "id": "6e45f34277024992",
            "type": "leaf",
            "state": {
              "type": "outline",
              "state": {
                "followCursor": false,
                "showSearch": false,
                "searchQuery": ""
              },
              "icon": "lucide-list",
              "title": "Outline"
            }
          }
        ]
      }
    ],
    "direction": "horizontal",
    "width": 300,
    "collapsed": true
  },
  "left-ribbon": {
    "hiddenItems": {
      "switcher:Open quick switcher": false,
      "graph:Open graph view": false,
      "canvas:Create new canvas": false,
      "daily-notes:Open today's daily note": false,
      "templates:Insert template": false,
      "command-palette:Open command palette": false
    }
  },
  "active": "76ee933ce0bd8383",
  "lastOpenFiles": [
    "Types of CTI/Tactical.md",
    "Collection Sources/Commercial/Recorded Future.md",
    "Collection Sources/HUMINT/CERT.EU.md",
    "Collection Sources/HUMINT/SektorCERT.md",
    "Collection Sources/HUMINT/NFCERT.md",
    "Collection Sources/HUMINT/CFCS.md",
    "Collection Sources/Technical/Ransomware Tracker.md",
    "Collection Sources/Technical/HoneyPot.md",
    "Collection Sources/Technical/Any.Run.md",
    "Types of CTI/Strategic.md",
    "Types of CTI/Operational.md",
    "Collection Sources/HUMINT/ENISA.md",
    "Collection Sources/OSINT/DFIR Report.md",
    "Collection Sources/OSINT/Mandiant.md",
    "Collection Sources/OSINT/Verizon DBIR.md",
    "Types of CTI",
    "Collection Sources",
    "Commercial.md",
    "Collection Sources/Commercial",
    "Collection Sources/HUMINT",
    "Collection Sources/Technical",
    "Collection Sources/OSINT",
    "Welcome.md"
  ]
}