{
  "main": {
    "id": "c0b288ba3b1ad347",
    "type": "split",
    "children": [
      {
        "id": "77f40da93756505c",
        "type": "tabs",
        "children": [
          {
            "id": "20fe957c2a430aa2",
            "type": "leaf",
            "state": {
              "type": "graph",
              "state": {},
              "icon": "lucide-git-fork",
              "title": "Graph view"
            }
          },
          {
            "id": "6cbacf6e782fd49f",
            "type": "leaf",
            "state": {
              "type": "markdown",
              "state": {
                "file": "Threat Actors/Lynx.md",
                "mode": "source",
                "source": false
              },
              "icon": "lucide-file",
              "title": "Lynx"
            }
          },
          {
            "id": "6a6ad238669f2833",
            "type": "leaf",
            "state": {
              "type": "markdown",
              "state": {
                "file": "Articles/Lynx Ransomware - A Coordinated Blend of Access Vectors and Coercive Extortion.md",
                "mode": "source",
                "source": false
              },
              "icon": "lucide-file",
              "title": "Lynx Ransomware - A Coordinated Blend of Access Vectors and Coercive Extortion"
            }
          },
          {
            "id": "2121d044b1d5adf4",
            "type": "leaf",
            "state": {
              "type": "markdown",
              "state": {
                "file": "Articles/Lynx Ransomware on the Prowl – How to Keep the Predator Out of Your Network.md",
                "mode": "source",
                "source": false
              },
              "icon": "lucide-file",
              "title": "Lynx Ransomware on the Prowl – How to Keep the Predator Out of Your Network"
            }
          },
          {
            "id": "8c661540cf2ca9cb",
            "type": "leaf",
            "state": {
              "type": "markdown",
              "state": {
                "file": "Threat Actors/APT-BitByBit.md",
                "mode": "source",
                "source": false
              },
              "icon": "lucide-file",
              "title": "APT-BitByBit"
            }
          },
          {
            "id": "5b1891e03708434e",
            "type": "leaf",
            "state": {
              "type": "markdown",
              "state": {
                "file": "Articles/APT-BitByBit’s Slow Burn -  Strategic Patience in the New Age of Cyber-Espionage.md",
                "mode": "source",
                "source": false
              },
              "icon": "lucide-file",
              "title": "APT-BitByBit’s Slow Burn -  Strategic Patience in the New Age of Cyber-Espionage"
            }
          },
          {
            "id": "be695dc644d3952f",
            "type": "leaf",
            "state": {
              "type": "markdown",
              "state": {
                "file": "Untitled.md",
                "mode": "source",
                "source": false
              },
              "icon": "lucide-file",
              "title": "Untitled"
            }
          },
          {
            "id": "7d4d649f0ea5b053",
            "type": "leaf",
            "state": {
              "type": "markdown",
              "state": {
                "file": "Threat Actors/APT-Botnetflix.md",
                "mode": "source",
                "source": false
              },
              "icon": "lucide-file",
              "title": "APT-Botnetflix"
            }
          },
          {
            "id": "79a428486e95ae89",
            "type": "leaf",
            "state": {
              "type": "markdown",
              "state": {
                "file": "Articles/APT-Botnetflix - Orchestrating Chaos at Internet Scale.md",
                "mode": "source",
                "source": false
              },
              "icon": "lucide-file",
              "title": "APT-Botnetflix - Orchestrating Chaos at Internet Scale"
            }
          },
          {
            "id": "14c9f374b5b3145d",
            "type": "leaf",
            "state": {
              "type": "markdown",
              "state": {
                "file": "Threat Actors/APT-GonePhishing.md",
                "mode": "source",
                "source": false
              },
              "icon": "lucide-file",
              "title": "APT-GonePhishing"
            }
          },
          {
            "id": "312cf2c1e649aca0",
            "type": "leaf",
            "state": {
              "type": "markdown",
              "state": {
                "file": "Threat Actors/APT-ClickBaitAndSwitch.md",
                "mode": "source",
                "source": false
              },
              "icon": "lucide-file",
              "title": "APT-ClickBaitAndSwitch"
            }
          },
          {
            "id": "019426c3dc61f142",
            "type": "leaf",
            "state": {
              "type": "markdown",
              "state": {
                "file": "Articles/APT-ClickBaitAndSwitch -  From Curiosity to Compromise.md",
                "mode": "source",
                "source": false
              },
              "icon": "lucide-file",
              "title": "APT-ClickBaitAndSwitch -  From Curiosity to Compromise"
            }
          },
          {
            "id": "a3b2017d59741113",
            "type": "leaf",
            "state": {
              "type": "markdown",
              "state": {
                "file": "Articles/APT-BitByBit’s Silent Siege - A Forensic Deep Dive into Their Latest Campaign.md",
                "mode": "source",
                "source": false
              },
              "icon": "lucide-file",
              "title": "APT-BitByBit’s Silent Siege - A Forensic Deep Dive into Their Latest Campaign"
            }
          },
          {
            "id": "8c6f542f9610059d",
            "type": "leaf",
            "state": {
              "type": "markdown",
              "state": {
                "file": "Threat Actors/APT-LivingOffTheLOLz.md",
                "mode": "source",
                "source": false
              },
              "icon": "lucide-file",
              "title": "APT-LivingOffTheLOLz"
            }
          },
          {
            "id": "7233c1cbfcedd38a",
            "type": "leaf",
            "state": {
              "type": "markdown",
              "state": {
                "file": "Threat Actors/APT-BitByBit.md",
                "mode": "source",
                "source": false
              },
              "icon": "lucide-file",
              "title": "APT-BitByBit"
            }
          },
          {
            "id": "9becb396ab9995fb",
            "type": "leaf",
            "state": {
              "type": "markdown",
              "state": {
                "file": "Articles/Lynx Ransomware - They Take Your Files and Threaten to Tell the World.md",
                "mode": "source",
                "source": false
              },
              "icon": "lucide-file",
              "title": "Lynx Ransomware - They Take Your Files and Threaten to Tell the World"
            }
          },
          {
            "id": "59c90724694b9071",
            "type": "leaf",
            "state": {
              "type": "markdown",
              "state": {
                "file": "Articles/Lynx RaaS - Fast, Fierce, and Financially Motivated.md",
                "mode": "source",
                "source": false
              },
              "icon": "lucide-file",
              "title": "Lynx RaaS - Fast, Fierce, and Financially Motivated"
            }
          },
          {
            "id": "e36cd729bc538d9c",
            "type": "leaf",
            "state": {
              "type": "markdown",
              "state": {
                "file": "Articles/Lynx Ransomware - They Take Your Files and Threaten to Tell the World.md",
                "mode": "source",
                "source": false
              },
              "icon": "lucide-file",
              "title": "Lynx Ransomware - They Take Your Files and Threaten to Tell the World"
            }
          },
          {
            "id": "9316737615281413",
            "type": "leaf",
            "state": {
              "type": "markdown",
              "state": {
                "file": "Articles/Lynx RaaS - Fast, Fierce, and Financially Motivated.md",
                "mode": "source",
                "source": false
              },
              "icon": "lucide-file",
              "title": "Lynx RaaS - Fast, Fierce, and Financially Motivated"
            }
          },
          {
            "id": "d1e41df84069c666",
            "type": "leaf",
            "state": {
              "type": "markdown",
              "state": {
                "file": "Articles/APT-CtrlAltDeceit - Cyber Intrusion Meets Psychological Warfare.md",
                "mode": "source",
                "source": false
              },
              "icon": "lucide-file",
              "title": "APT-CtrlAltDeceit - Cyber Intrusion Meets Psychological Warfare"
            }
          },
          {
            "id": "83bbefa2437b891b",
            "type": "leaf",
            "state": {
              "type": "markdown",
              "state": {
                "file": "Articles/APT-CtrlAltDeceit’s Playbook - How Hackers Change the Story Before You Read It.md",
                "mode": "source",
                "source": false
              },
              "icon": "lucide-file",
              "title": "APT-CtrlAltDeceit’s Playbook - How Hackers Change the Story Before You Read It"
            }
          },
          {
            "id": "169a142c9c145ea9",
            "type": "leaf",
            "state": {
              "type": "markdown",
              "state": {
                "file": "Articles/APT-CtrlAltDeceit - Cyber Intrusion Meets Psychological Warfare 1.md",
                "mode": "source",
                "source": false
              },
              "icon": "lucide-file",
              "title": "APT-CtrlAltDeceit - Cyber Intrusion Meets Psychological Warfare 1"
            }
          },
          {
            "id": "36a7cdf98ab71802",
            "type": "leaf",
            "state": {
              "type": "markdown",
              "state": {
                "file": "Articles/APT-TrojanHorsepower - Precision Intrusions Driven by Trojan Implants.md",
                "mode": "source",
                "source": false
              },
              "icon": "lucide-file",
              "title": "APT-TrojanHorsepower - Precision Intrusions Driven by Trojan Implants"
            }
          },
          {
            "id": "a48ce0ddfacfda1a",
            "type": "leaf",
            "state": {
              "type": "markdown",
              "state": {
                "file": "Articles/APT-TrojanHorsepower’s “Gift Horse” You Shouldn’t Look In The Mouth.md",
                "mode": "source",
                "source": false
              },
              "icon": "lucide-file",
              "title": "APT-TrojanHorsepower’s “Gift Horse” You Shouldn’t Look In The Mouth"
            }
          },
          {
            "id": "490729b7039e5fe7",
            "type": "leaf",
            "state": {
              "type": "markdown",
              "state": {
                "file": "Articles/Trojan Trouble - How APT-TrojanHorsepower Hooks Its Victims.md",
                "mode": "source",
                "source": false
              },
              "icon": "lucide-file",
              "title": "Trojan Trouble - How APT-TrojanHorsepower Hooks Its Victims"
            }
          }
        ],
        "currentTab": 24
      }
    ],
    "direction": "vertical"
  },
  "left": {
    "id": "822fc331b40a92c3",
    "type": "split",
    "children": [
      {
        "id": "5af345e5f5a5f9ac",
        "type": "tabs",
        "children": [
          {
            "id": "1117c5191a6526d2",
            "type": "leaf",
            "state": {
              "type": "file-explorer",
              "state": {
                "sortOrder": "alphabetical",
                "autoReveal": false
              },
              "icon": "lucide-folder-closed",
              "title": "Files"
            }
          },
          {
            "id": "d334b92fd0d1de13",
            "type": "leaf",
            "state": {
              "type": "search",
              "state": {
                "query": "",
                "matchingCase": false,
                "explainSearch": false,
                "collapseAll": false,
                "extraContext": false,
                "sortOrder": "alphabetical"
              },
              "icon": "lucide-search",
              "title": "Search"
            }
          },
          {
            "id": "d1a4294fbf05e943",
            "type": "leaf",
            "state": {
              "type": "bookmarks",
              "state": {},
              "icon": "lucide-bookmark",
              "title": "Bookmarks"
            }
          }
        ]
      }
    ],
    "direction": "horizontal",
    "width": 300
  },
  "right": {
    "id": "cd79db7d320188c4",
    "type": "split",
    "children": [
      {
        "id": "e63409c7b55f357d",
        "type": "tabs",
        "children": [
          {
            "id": "25eee54b4e223d0f",
            "type": "leaf",
            "state": {
              "type": "backlink",
              "state": {
                "file": "Articles/Strategic Deception - APT‑CtrlAltDeceit and the Emergence of Influence-First Cyber Threats.md",
                "collapseAll": false,
                "extraContext": false,
                "sortOrder": "alphabetical",
                "showSearch": false,
                "searchQuery": "",
                "backlinkCollapsed": false,
                "unlinkedCollapsed": true
              },
              "icon": "links-coming-in",
              "title": "Backlinks for Strategic Deception - APT‑CtrlAltDeceit and the Emergence of Influence-First Cyber Threats"
            }
          },
          {
            "id": "e523df96a1bd7f09",
            "type": "leaf",
            "state": {
              "type": "outgoing-link",
              "state": {
                "file": "Articles/Strategic Deception - APT‑CtrlAltDeceit and the Emergence of Influence-First Cyber Threats.md",
                "linksCollapsed": false,
                "unlinkedCollapsed": true
              },
              "icon": "links-going-out",
              "title": "Outgoing links from Strategic Deception - APT‑CtrlAltDeceit and the Emergence of Influence-First Cyber Threats"
            }
          },
          {
            "id": "4d2ba7eac883ec6d",
            "type": "leaf",
            "state": {
              "type": "tag",
              "state": {
                "sortOrder": "frequency",
                "useHierarchy": true,
                "showSearch": false,
                "searchQuery": ""
              },
              "icon": "lucide-tags",
              "title": "Tags"
            }
          },
          {
            "id": "0339d028d09742d4",
            "type": "leaf",
            "state": {
              "type": "outline",
              "state": {
                "file": "Articles/Strategic Deception - APT‑CtrlAltDeceit and the Emergence of Influence-First Cyber Threats.md",
                "followCursor": false,
                "showSearch": false,
                "searchQuery": ""
              },
              "icon": "lucide-list",
              "title": "Outline of Strategic Deception - APT‑CtrlAltDeceit and the Emergence of Influence-First Cyber Threats"
            }
          }
        ]
      }
    ],
    "direction": "horizontal",
    "width": 300,
    "collapsed": true
  },
  "left-ribbon": {
    "hiddenItems": {
      "switcher:Open quick switcher": false,
      "graph:Open graph view": false,
      "canvas:Create new canvas": false,
      "daily-notes:Open today's daily note": false,
      "templates:Insert template": false,
      "command-palette:Open command palette": false
    }
  },
  "active": "490729b7039e5fe7",
  "lastOpenFiles": [
    "Articles/APT-CtrlAltDeceit - Cyber Intrusion Meets Psychological Warfare 1.md",
    "Articles/APT-TrojanHorsepower - Precision Intrusions Driven by Trojan Implants.md",
    "Articles/APT-TrojanHorsepower’s Defense Contractor Breach - A Full-Throttle Trojan Campaign.md",
    "Articles/APT-TrojanHorsepower’s “Gift Horse” You Shouldn’t Look In The Mouth.md",
    "Articles/APT-CtrlAltDeceit’s Playbook - How Hackers Change the Story Before You Read It.md",
    "Articles/APT-CtrlAltDeceit - Cyber Intrusion Meets Psychological Warfare.md",
    "Articles/Lynx RaaS - Fast, Fierce, and Financially Motivated.md",
    "Articles/Lynx Ransomware - They Take Your Files and Threaten to Tell the World.md",
    "Threat Actors/APT-BitByBit.md",
    "Threat Actors/APT-Botnetflix.md",
    "Articles/APT‑BitByBit - The Hackers Who Steal Data One Tiny Piece at a Time.md",
    "Articles/Inside Lynx’s Energy Sector Attack - A 48-Hour Takeover.md",
    "Threat Actors/APT-LivingOffTheLOLz.md",
    "Threat Actors/APT-ClickBaitAndSwitch.md",
    "Threat Actors/Lynx.md",
    "Threat Actors/APT‑CtrlAltDeceit.md",
    "Threat Actors/APT-TrojanHorsepower.md",
    "Threat Actors/APT-PhishAndChips.md",
    "Threat Actors/APT-PasteTense.md",
    "Threat Actors/APT-NoPatchForThat.md",
    "Threat Actors/APT-GonePhishing.md",
    "Articles/Click, Switch, Lock - How APT-ClickBaitAndSwitch Took Over a Global Ad Network.md",
    "Articles/APT-BitByBit’s Silent Siege - A Forensic Deep Dive into Their Latest Campaign.md",
    "Articles/APT-BitByBit’s Slow Burn -  Strategic Patience in the New Age of Cyber-Espionage.md",
    "Articles/APT-Botnetflix - Orchestrating Chaos at Internet Scale.md",
    "Articles/APT‑LivingOffTheLOLz Is Hiding in Plain Sight—and Using Your Tools Against You.md",
    "APT-BitByBit",
    "Articles",
    "Threat Actors"
  ]
}