{
  "main": {
    "id": "c0b288ba3b1ad347",
    "type": "split",
    "children": [
      {
        "id": "77f40da93756505c",
        "type": "tabs",
        "children": [
          {
            "id": "20fe957c2a430aa2",
            "type": "leaf",
            "state": {
              "type": "graph",
              "state": {},
              "icon": "lucide-git-fork",
              "title": "Graph view"
            }
          },
          {
            "id": "6cbacf6e782fd49f",
            "type": "leaf",
            "state": {
              "type": "markdown",
              "state": {
                "file": "Threat Actors/Lynx.md",
                "mode": "source",
                "source": false
              },
              "icon": "lucide-file",
              "title": "Lynx"
            }
          },
          {
            "id": "6a6ad238669f2833",
            "type": "leaf",
            "state": {
              "type": "markdown",
              "state": {
                "file": "Articles/Lynx Ransomware - A Coordinated Blend of Access Vectors and Coercive Extortion.md",
                "mode": "source",
                "source": false
              },
              "icon": "lucide-file",
              "title": "Lynx Ransomware - A Coordinated Blend of Access Vectors and Coercive Extortion"
            }
          },
          {
            "id": "2121d044b1d5adf4",
            "type": "leaf",
            "state": {
              "type": "markdown",
              "state": {
                "file": "Articles/Lynx Ransomware on the Prowl – How to Keep the Predator Out of Your Network.md",
                "mode": "source",
                "source": false
              },
              "icon": "lucide-file",
              "title": "Lynx Ransomware on the Prowl – How to Keep the Predator Out of Your Network"
            }
          },
          {
            "id": "8c661540cf2ca9cb",
            "type": "leaf",
            "state": {
              "type": "markdown",
              "state": {
                "file": "Threat Actors/APT-BitByBit.md",
                "mode": "source",
                "source": false
              },
              "icon": "lucide-file",
              "title": "APT-BitByBit"
            }
          },
          {
            "id": "5b1891e03708434e",
            "type": "leaf",
            "state": {
              "type": "markdown",
              "state": {
                "file": "Articles/APT-BitByBit’s Slow Burn -  Strategic Patience in the New Age of Cyber-Espionage.md",
                "mode": "source",
                "source": false
              },
              "icon": "lucide-file",
              "title": "APT-BitByBit’s Slow Burn -  Strategic Patience in the New Age of Cyber-Espionage"
            }
          },
          {
            "id": "be695dc644d3952f",
            "type": "leaf",
            "state": {
              "type": "markdown",
              "state": {
                "file": "Untitled.md",
                "mode": "source",
                "source": false
              },
              "icon": "lucide-file",
              "title": "Untitled"
            }
          },
          {
            "id": "7d4d649f0ea5b053",
            "type": "leaf",
            "state": {
              "type": "markdown",
              "state": {
                "file": "Threat Actors/APT-Botnetflix.md",
                "mode": "source",
                "source": false
              },
              "icon": "lucide-file",
              "title": "APT-Botnetflix"
            }
          },
          {
            "id": "79a428486e95ae89",
            "type": "leaf",
            "state": {
              "type": "markdown",
              "state": {
                "file": "Articles/APT-Botnetflix - Orchestrating Chaos at Internet Scale.md",
                "mode": "source",
                "source": false
              },
              "icon": "lucide-file",
              "title": "APT-Botnetflix - Orchestrating Chaos at Internet Scale"
            }
          },
          {
            "id": "14c9f374b5b3145d",
            "type": "leaf",
            "state": {
              "type": "markdown",
              "state": {
                "file": "Threat Actors/APT-GonePhishing.md",
                "mode": "source",
                "source": false
              },
              "icon": "lucide-file",
              "title": "APT-GonePhishing"
            }
          },
          {
            "id": "312cf2c1e649aca0",
            "type": "leaf",
            "state": {
              "type": "markdown",
              "state": {
                "file": "Threat Actors/APT-ClickBaitAndSwitch.md",
                "mode": "source",
                "source": false
              },
              "icon": "lucide-file",
              "title": "APT-ClickBaitAndSwitch"
            }
          },
          {
            "id": "019426c3dc61f142",
            "type": "leaf",
            "state": {
              "type": "markdown",
              "state": {
                "file": "Articles/APT-ClickBaitAndSwitch -  From Curiosity to Compromise.md",
                "mode": "source",
                "source": false
              },
              "icon": "lucide-file",
              "title": "APT-ClickBaitAndSwitch -  From Curiosity to Compromise"
            }
          },
          {
            "id": "a3b2017d59741113",
            "type": "leaf",
            "state": {
              "type": "markdown",
              "state": {
                "file": "Articles/APT-BitByBit’s Silent Siege - A Forensic Deep Dive into Their Latest Campaign.md",
                "mode": "source",
                "source": false
              },
              "icon": "lucide-file",
              "title": "APT-BitByBit’s Silent Siege - A Forensic Deep Dive into Their Latest Campaign"
            }
          },
          {
            "id": "8c6f542f9610059d",
            "type": "leaf",
            "state": {
              "type": "markdown",
              "state": {
                "file": "Threat Actors/APT-LivingOffTheLOLz.md",
                "mode": "source",
                "source": false
              },
              "icon": "lucide-file",
              "title": "APT-LivingOffTheLOLz"
            }
          }
        ],
        "currentTab": 13
      }
    ],
    "direction": "vertical"
  },
  "left": {
    "id": "822fc331b40a92c3",
    "type": "split",
    "children": [
      {
        "id": "5af345e5f5a5f9ac",
        "type": "tabs",
        "children": [
          {
            "id": "1117c5191a6526d2",
            "type": "leaf",
            "state": {
              "type": "file-explorer",
              "state": {
                "sortOrder": "alphabetical",
                "autoReveal": false
              },
              "icon": "lucide-folder-closed",
              "title": "Files"
            }
          },
          {
            "id": "d334b92fd0d1de13",
            "type": "leaf",
            "state": {
              "type": "search",
              "state": {
                "query": "",
                "matchingCase": false,
                "explainSearch": false,
                "collapseAll": false,
                "extraContext": false,
                "sortOrder": "alphabetical"
              },
              "icon": "lucide-search",
              "title": "Search"
            }
          },
          {
            "id": "d1a4294fbf05e943",
            "type": "leaf",
            "state": {
              "type": "bookmarks",
              "state": {},
              "icon": "lucide-bookmark",
              "title": "Bookmarks"
            }
          }
        ]
      }
    ],
    "direction": "horizontal",
    "width": 300
  },
  "right": {
    "id": "cd79db7d320188c4",
    "type": "split",
    "children": [
      {
        "id": "e63409c7b55f357d",
        "type": "tabs",
        "children": [
          {
            "id": "25eee54b4e223d0f",
            "type": "leaf",
            "state": {
              "type": "backlink",
              "state": {
                "file": "Articles/Strategic Deception - APT‑CtrlAltDeceit and the Emergence of Influence-First Cyber Threats.md",
                "collapseAll": false,
                "extraContext": false,
                "sortOrder": "alphabetical",
                "showSearch": false,
                "searchQuery": "",
                "backlinkCollapsed": false,
                "unlinkedCollapsed": true
              },
              "icon": "links-coming-in",
              "title": "Backlinks for Strategic Deception - APT‑CtrlAltDeceit and the Emergence of Influence-First Cyber Threats"
            }
          },
          {
            "id": "e523df96a1bd7f09",
            "type": "leaf",
            "state": {
              "type": "outgoing-link",
              "state": {
                "file": "Articles/Strategic Deception - APT‑CtrlAltDeceit and the Emergence of Influence-First Cyber Threats.md",
                "linksCollapsed": false,
                "unlinkedCollapsed": true
              },
              "icon": "links-going-out",
              "title": "Outgoing links from Strategic Deception - APT‑CtrlAltDeceit and the Emergence of Influence-First Cyber Threats"
            }
          },
          {
            "id": "4d2ba7eac883ec6d",
            "type": "leaf",
            "state": {
              "type": "tag",
              "state": {
                "sortOrder": "frequency",
                "useHierarchy": true,
                "showSearch": false,
                "searchQuery": ""
              },
              "icon": "lucide-tags",
              "title": "Tags"
            }
          },
          {
            "id": "0339d028d09742d4",
            "type": "leaf",
            "state": {
              "type": "outline",
              "state": {
                "file": "Articles/Strategic Deception - APT‑CtrlAltDeceit and the Emergence of Influence-First Cyber Threats.md",
                "followCursor": false,
                "showSearch": false,
                "searchQuery": ""
              },
              "icon": "lucide-list",
              "title": "Outline of Strategic Deception - APT‑CtrlAltDeceit and the Emergence of Influence-First Cyber Threats"
            }
          }
        ]
      }
    ],
    "direction": "horizontal",
    "width": 300,
    "collapsed": true
  },
  "left-ribbon": {
    "hiddenItems": {
      "switcher:Open quick switcher": false,
      "graph:Open graph view": false,
      "canvas:Create new canvas": false,
      "daily-notes:Open today's daily note": false,
      "templates:Insert template": false,
      "command-palette:Open command palette": false
    }
  },
  "active": "8c6f542f9610059d",
  "lastOpenFiles": [
    "Threat Actors/APT-ClickBaitAndSwitch.md",
    "Threat Actors/Lynx.md",
    "Threat Actors/APT‑CtrlAltDeceit.md",
    "Threat Actors/APT-TrojanHorsepower.md",
    "Threat Actors/APT-PhishAndChips.md",
    "Threat Actors/APT-PasteTense.md",
    "Threat Actors/APT-NoPatchForThat.md",
    "Threat Actors/APT-LivingOffTheLOLz.md",
    "Threat Actors/APT-GonePhishing.md",
    "Articles/Click, Switch, Lock - How APT-ClickBaitAndSwitch Took Over a Global Ad Network.md",
    "Articles/APT-BitByBit’s Silent Siege - A Forensic Deep Dive into Their Latest Campaign.md",
    "Articles/APT-BitByBit’s Slow Burn -  Strategic Patience in the New Age of Cyber-Espionage.md",
    "Articles/APT-Botnetflix - Orchestrating Chaos at Internet Scale.md",
    "Articles/APT‑LivingOffTheLOLz Is Hiding in Plain Sight—and Using Your Tools Against You.md",
    "Articles/APT‑NoPatchForThat - The Architects of Exploit-Centric Cyber Persistence.md",
    "Articles/APT‑PasteTense Uses Pastebin and GitHub to Hack Without Leaving a Trace.md",
    "Articles/Don’t Take the Bait - How APT-PhishAndChips Hooks the Shipping World.md",
    "Articles/Inside APT‑CtrlAltDeceit - Interviews with Experts Shed Light on a High‑Stakes Psychological Hack.md",
    "Articles/Lynx Ransomware - A Coordinated Blend of Access Vectors and Coercive Extortion.md",
    "Articles/Phish, Chips, and Control - The Strategic Tide of APT-PhishAndChips.md",
    "Articles/The Threat That Doesn’t Drop Malware - Unpacking APT‑LivingOffTheLOLz’s Fileless Intrusions.md",
    "Articles/When That Juicy Headline Is a Trap - The APT-ClickBaitAndSwitch Scam.md",
    "Articles/Zero-Days and EOL Systems - Inside APT‑NoPatchForThat’s Exploit-Driven Espionage Campaigns.md",
    "Articles/When the Internet Turns on You - The APT-Botnetflix Playbook.md",
    "Articles/APT-ClickBaitAndSwitch -  From Curiosity to Compromise.md",
    "Articles/APT-Botnetflix’s Telecom Heist - Anatomy of a Multi-Layered Botnet Operation.md",
    "APT-BitByBit",
    "Articles",
    "Threat Actors"
  ]
}